[
﻿{"temperature": "37", "humidity": "62%", "high_temp": "38", "low_temp": "28", "title": "New York", "wind": "7 mph", "weather": "Cloudy", "sun_rise": "7:07 AM", "sun_set": "7:04 PM"},
﻿{"temperature": "61", "humidity": "38%", "high_temp": "61", "low_temp": "44", "title": "Los Angeles", "wind": "7 mph", "weather": "Sunny", "sun_rise": "7:02 AM", "sun_set": "7:02 PM"},
﻿{"temperature": "45", "humidity": "73%", "high_temp": "50", "low_temp": "42", "title": "Paris", "wind": "17 mph", "weather": "Breezy", "sun_rise": "6:59 AM", "sun_set": "7:00 PM"},
﻿{"temperature": "52", "humidity": "48%", "high_temp": "61", "low_temp": "46", "title": "Tokyo", "wind": "15 mph", "weather": "Breezy", "sun_rise": "5:49 AM", "sun_set": "5:51 PM"},
﻿{"temperature": "43", "humidity": "63%", "high_temp": "63", "low_temp": "32", "title": "Seoul", "wind": "3 mph", "weather": "Sunny", "sun_rise": "6:40 AM", "sun_set": "6:41 PM"}
][
﻿{"temperature": "60", "humidity": "38%", "high_temp": "60", "low_temp": "44", "title": "Los Angeles", "wind": "7 mph", "weather": "Sunny", "sun_rise": "7:02 AM", "sun_set": "7:02 PM"},
﻿{"temperature": "45", "humidity": "73%", "high_temp": "50", "low_temp": "42", "title": "Paris", "wind": "17 mph", "weather": "Breezy", "sun_rise": "6:59 AM", "sun_set": "7:00 PM"},
﻿{"temperature": "53", "humidity": "48%", "high_temp": "61", "low_temp": "46", "title": "Tokyo", "wind": "15 mph", "weather": "Breezy", "sun_rise": "5:49 AM", "sun_set": "5:51 PM"},
﻿{"temperature": "37", "humidity": "62%", "high_temp": "38", "low_temp": "28", "title": "New York", "wind": "7 mph", "weather": "Cloudy", "sun_rise": "7:07 AM", "sun_set": "7:04 PM"},
﻿{"temperature": "44", "humidity": "63%", "high_temp": "63", "low_temp": "32", "title": "Seoul", "wind": "3 mph", "weather": "Sunny", "sun_rise": "6:40 AM", "sun_set": "6:41 PM"}
][
﻿{"temperature": "44", "humidity": "63%", "high_temp": "63", "low_temp": "32", "title": "Seoul", "wind": "3 mph", "weather": "Sunny", "sun_rise": "6:40 AM", "sun_set": "6:41 PM"},
﻿{"temperature": "60", "humidity": "38%", "high_temp": "60", "low_temp": "44", "title": "Los Angeles", "wind": "7 mph", "weather": "Sunny", "sun_rise": "7:02 AM", "sun_set": "7:02 PM"},
﻿{"temperature": "53", "humidity": "48%", "high_temp": "61", "low_temp": "46", "title": "Tokyo", "wind": "15 mph", "weather": "Breezy", "sun_rise": "5:49 AM", "sun_set": "5:51 PM"},
﻿{"temperature": "37", "humidity": "62%", "high_temp": "38", "low_temp": "28", "title": "New York", "wind": "7 mph", "weather": "Cloudy", "sun_rise": "7:07 AM", "sun_set": "7:04 PM"},
﻿{"temperature": "45", "humidity": "73%", "high_temp": "50", "low_temp": "42", "title": "Paris", "wind": "17 mph", "weather": "Breezy", "sun_rise": "6:59 AM", "sun_set": "7:00 PM"}
][
﻿{"temperature": "37", "humidity": "62%", "high_temp": "38", "low_temp": "28", "title": "New York", "wind": "7 mph", "weather": "Cloudy", "sun_rise": "7:07 AM", "sun_set": "7:04 PM"},
﻿{"temperature": "44", "humidity": "63%", "high_temp": "63", "low_temp": "32", "title": "Seoul", "wind": "3 mph", "weather": "Sunny", "sun_rise": "6:40 AM", "sun_set": "6:41 PM"},
﻿{"temperature": "60", "humidity": "38%", "high_temp": "60", "low_temp": "44", "title": "Los Angeles", "wind": "7 mph", "weather": "Sunny", "sun_rise": "7:02 AM", "sun_set": "7:02 PM"},
﻿{"temperature": "53", "humidity": "48%", "high_temp": "61", "low_temp": "46", "title": "Tokyo", "wind": "15 mph", "weather": "Breezy", "sun_rise": "5:49 AM", "sun_set": "5:51 PM"},
﻿{"temperature": "45", "humidity": "73%", "high_temp": "50", "low_temp": "42", "title": "Paris", "wind": "17 mph", "weather": "Breezy", "sun_rise": "6:59 AM", "sun_set": "7:00 PM"}
][
﻿{"temperature": "37", "humidity": "62%", "high_temp": "38", "low_temp": "28", "title": "New York", "wind": "7 mph", "weather": "Cloudy", "sun_rise": "7:07 AM", "sun_set": "7:04 PM"},
﻿{"temperature": "54", "humidity": "48%", "high_temp": "61", "low_temp": "46", "title": "Tokyo", "wind": "15 mph", "weather": "Sunny", "sun_rise": "5:49 AM", "sun_set": "5:51 PM"},
﻿{"temperature": "46", "humidity": "63%", "high_temp": "63", "low_temp": "32", "title": "Seoul", "wind": "3 mph", "weather": "Sunny", "sun_rise": "6:40 AM", "sun_set": "6:41 PM"},
﻿{"temperature": "45", "humidity": "73%", "high_temp": "50", "low_temp": "42", "title": "Paris", "wind": "17 mph", "weather": "Breezy", "sun_rise": "6:59 AM", "sun_set": "7:00 PM"},
﻿{"temperature": "60", "humidity": "38%", "high_temp": "60", "low_temp": "44", "title": "Los Angeles", "wind": "7 mph", "weather": "Sunny", "sun_rise": "7:02 AM", "sun_set": "7:02 PM"}
][
﻿{"temperature": "60", "humidity": "38%", "high_temp": "60", "low_temp": "44", "title": "Los Angeles", "wind": "7 mph", "weather": "Sunny", "sun_rise": "7:02 AM", "sun_set": "7:02 PM"},
﻿{"temperature": "45", "humidity": "73%", "high_temp": "50", "low_temp": "42", "title": "Paris", "wind": "17 mph", "weather": "Breezy", "sun_rise": "6:59 AM", "sun_set": "7:00 PM"},
﻿{"temperature": "46", "humidity": "63%", "high_temp": "63", "low_temp": "32", "title": "Seoul", "wind": "3 mph", "weather": "Sunny", "sun_rise": "6:40 AM", "sun_set": "6:41 PM"},
﻿{"temperature": "37", "humidity": "62%", "high_temp": "38", "low_temp": "28", "title": "New York", "wind": "7 mph", "weather": "Cloudy", "sun_rise": "7:07 AM", "sun_set": "7:04 PM"},
﻿{"temperature": "54", "humidity": "48%", "high_temp": "61", "low_temp": "46", "title": "Tokyo", "wind": "15 mph", "weather": "Sunny", "sun_rise": "5:49 AM", "sun_set": "5:51 PM"}
][
﻿{"temperature": "46", "humidity": "73%", "high_temp": "50", "low_temp": "42", "title": "Paris", "wind": "17 mph", "weather": "Breezy", "sun_rise": "6:59 AM", "sun_set": "7:00 PM"},
﻿{"temperature": "54", "humidity": "48%", "high_temp": "61", "low_temp": "46", "title": "Tokyo", "wind": "15 mph", "weather": "Sunny", "sun_rise": "5:49 AM", "sun_set": "5:51 PM"},
﻿{"temperature": "37", "humidity": "62%", "high_temp": "38", "low_temp": "28", "title": "New York", "wind": "7 mph", "weather": "Cloudy", "sun_rise": "7:07 AM", "sun_set": "7:04 PM"},
﻿{"temperature": "47", "humidity": "63%", "high_temp": "63", "low_temp": "32", "title": "Seoul", "wind": "3 mph", "weather": "Sunny", "sun_rise": "6:40 AM", "sun_set": "6:41 PM"},
﻿{"temperature": "58", "humidity": "38%", "high_temp": "60", "low_temp": "44", "title": "Los Angeles", "wind": "7 mph", "weather": "Sunny", "sun_rise": "7:02 AM", "sun_set": "7:02 PM"}
][
﻿{"temperature": "37", "humidity": "67%", "high_temp": "38", "low_temp": "28", "title": "New York", "wind": "4 mph", "weather": "Cloudy", "sun_rise": "7:07 AM", "sun_set": "7:04 PM"},
﻿{"temperature": "58", "humidity": "43%", "high_temp": "60", "low_temp": "44", "title": "Los Angeles", "wind": "7 mph", "weather": "Sunny", "sun_rise": "7:02 AM", "sun_set": "7:02 PM"},
﻿{"temperature": "47", "humidity": "42%", "high_temp": "63", "low_temp": "32", "title": "Seoul", "wind": "2 mph", "weather": "Sunny", "sun_rise": "6:40 AM", "sun_set": "6:41 PM"},
﻿{"temperature": "54", "humidity": "43%", "high_temp": "61", "low_temp": "46", "title": "Tokyo", "wind": "15 mph", "weather": "Sunny", "sun_rise": "5:49 AM", "sun_set": "5:51 PM"},
﻿{"temperature": "46", "humidity": "72%", "high_temp": "50", "low_temp": "42", "title": "Paris", "wind": "16 mph", "weather": "Breezy", "sun_rise": "6:59 AM", "sun_set": "7:00 PM"}
][
﻿{"temperature": "37", "humidity": "67%", "high_temp": "38", "low_temp": "28", "title": "New York", "wind": "4 mph", "weather": "Cloudy", "sun_rise": "7:07 AM", "sun_set": "7:04 PM"},
﻿{"temperature": "47", "humidity": "42%", "high_temp": "63", "low_temp": "32", "title": "Seoul", "wind": "2 mph", "weather": "Sunny", "sun_rise": "6:40 AM", "sun_set": "6:41 PM"},
﻿{"temperature": "46", "humidity": "72%", "high_temp": "50", "low_temp": "42", "title": "Paris", "wind": "16 mph", "weather": "Breezy", "sun_rise": "6:59 AM", "sun_set": "7:00 PM"},
﻿{"temperature": "54", "humidity": "43%", "high_temp": "61", "low_temp": "46", "title": "Tokyo", "wind": "15 mph", "weather": "Sunny", "sun_rise": "5:49 AM", "sun_set": "5:51 PM"},
﻿{"temperature": "58", "humidity": "43%", "high_temp": "60", "low_temp": "44", "title": "Los Angeles", "wind": "7 mph", "weather": "Sunny", "sun_rise": "7:02 AM", "sun_set": "7:02 PM"}
][
﻿{"temperature": "37", "humidity": "67%", "high_temp": "38", "low_temp": "28", "title": "New York", "wind": "4 mph", "weather": "Cloudy", "sun_rise": "7:07 AM", "sun_set": "7:04 PM"},
﻿{"temperature": "47", "humidity": "42%", "high_temp": "63", "low_temp": "32", "title": "Seoul", "wind": "2 mph", "weather": "Sunny", "sun_rise": "6:40 AM", "sun_set": "6:41 PM"},
﻿{"temperature": "46", "humidity": "72%", "high_temp": "50", "low_temp": "42", "title": "Paris", "wind": "16 mph", "weather": "Breezy", "sun_rise": "6:59 AM", "sun_set": "7:00 PM"},
﻿{"temperature": "58", "humidity": "43%", "high_temp": "60", "low_temp": "44", "title": "Los Angeles", "wind": "7 mph", "weather": "Sunny", "sun_rise": "7:02 AM", "sun_set": "7:02 PM"},
﻿{"temperature": "54", "humidity": "43%", "high_temp": "61", "low_temp": "46", "title": "Tokyo", "wind": "15 mph", "weather": "Sunny", "sun_rise": "5:49 AM", "sun_set": "5:51 PM"}
][
﻿{"temperature": "46", "humidity": "72%", "high_temp": "50", "low_temp": "42", "title": "Paris", "wind": "16 mph", "weather": "Breezy", "sun_rise": "6:59 AM", "sun_set": "7:00 PM"},
﻿{"temperature": "49", "humidity": "42%", "high_temp": "63", "low_temp": "32", "title": "Seoul", "wind": "2 mph", "weather": "Sunny", "sun_rise": "6:40 AM", "sun_set": "6:41 PM"},
﻿{"temperature": "57", "humidity": "43%", "high_temp": "60", "low_temp": "44", "title": "Los Angeles", "wind": "7 mph", "weather": "Sunny", "sun_rise": "7:02 AM", "sun_set": "7:02 PM"},
﻿{"temperature": "55", "humidity": "43%", "high_temp": "61", "low_temp": "46", "title": "Tokyo", "wind": "15 mph", "weather": "Sunny", "sun_rise": "5:49 AM", "sun_set": "5:51 PM"},
﻿{"temperature": "37", "humidity": "67%", "high_temp": "38", "low_temp": "28", "title": "New York", "wind": "4 mph", "weather": "Mostly Cloudy", "sun_rise": "7:07 AM", "sun_set": "7:04 PM"}
][
﻿{"temperature": "46", "humidity": "72%", "high_temp": "50", "low_temp": "42", "title": "Paris", "wind": "16 mph", "weather": "Breezy", "sun_rise": "6:59 AM", "sun_set": "7:00 PM"},
﻿{"temperature": "57", "humidity": "43%", "high_temp": "60", "low_temp": "44", "title": "Los Angeles", "wind": "7 mph", "weather": "Sunny", "sun_rise": "7:02 AM", "sun_set": "7:02 PM"},
﻿{"temperature": "55", "humidity": "43%", "high_temp": "61", "low_temp": "46", "title": "Tokyo", "wind": "15 mph", "weather": "Sunny", "sun_rise": "5:49 AM", "sun_set": "5:51 PM"},
﻿{"temperature": "37", "humidity": "67%", "high_temp": "38", "low_temp": "28", "title": "New York", "wind": "4 mph", "weather": "Mostly Cloudy", "sun_rise": "7:07 AM", "sun_set": "7:04 PM"},
﻿{"temperature": "49", "humidity": "42%", "high_temp": "63", "low_temp": "32", "title": "Seoul", "wind": "2 mph", "weather": "Sunny", "sun_rise": "6:40 AM", "sun_set": "6:41 PM"}
][
﻿{"temperature": "55", "humidity": "43%", "high_temp": "61", "low_temp": "46", "title": "Tokyo", "wind": "15 mph", "weather": "Sunny", "sun_rise": "5:49 AM", "sun_set": "5:51 PM"},
﻿{"temperature": "37", "humidity": "67%", "high_temp": "38", "low_temp": "28", "title": "New York", "wind": "4 mph", "weather": "Scattered Showers", "sun_rise": "7:07 AM", "sun_set": "7:04 PM"},
﻿{"temperature": "49", "humidity": "42%", "high_temp": "63", "low_temp": "32", "title": "Seoul", "wind": "2 mph", "weather": "Sunny", "sun_rise": "6:40 AM", "sun_set": "6:41 PM"},
﻿{"temperature": "57", "humidity": "43%", "high_temp": "60", "low_temp": "44", "title": "Los Angeles", "wind": "7 mph", "weather": "Sunny", "sun_rise": "7:02 AM", "sun_set": "7:02 PM"},
﻿{"temperature": "46", "humidity": "72%", "high_temp": "50", "low_temp": "42", "title": "Paris", "wind": "16 mph", "weather": "Breezy", "sun_rise": "6:59 AM", "sun_set": "7:00 PM"}
][
﻿{"temperature": "50", "humidity": "42%", "high_temp": "63", "low_temp": "32", "title": "Seoul", "wind": "2 mph", "weather": "Sunny", "sun_rise": "6:40 AM", "sun_set": "6:41 PM"},
﻿{"temperature": "57", "humidity": "43%", "high_temp": "61", "low_temp": "44", "title": "Los Angeles", "wind": "7 mph", "weather": "Sunny", "sun_rise": "7:02 AM", "sun_set": "7:02 PM"},
﻿{"temperature": "55", "humidity": "43%", "high_temp": "61", "low_temp": "46", "title": "Tokyo", "wind": "15 mph", "weather": "Sunny", "sun_rise": "5:49 AM", "sun_set": "5:51 PM"},
﻿{"temperature": "46", "humidity": "72%", "high_temp": "50", "low_temp": "42", "title": "Paris", "wind": "16 mph", "weather": "Breezy", "sun_rise": "6:59 AM", "sun_set": "7:00 PM"},
﻿{"temperature": "37", "humidity": "67%", "high_temp": "37", "low_temp": "28", "title": "New York", "wind": "4 mph", "weather": "Scattered Showers", "sun_rise": "7:07 AM", "sun_set": "7:04 PM"}
][
﻿{"temperature": "55", "humidity": "43%", "high_temp": "61", "low_temp": "46", "title": "Tokyo", "wind": "15 mph", "weather": "Sunny", "sun_rise": "5:49 AM", "sun_set": "5:51 PM"},
﻿{"temperature": "57", "humidity": "43%", "high_temp": "61", "low_temp": "44", "title": "Los Angeles", "wind": "7 mph", "weather": "Sunny", "sun_rise": "7:02 AM", "sun_set": "7:02 PM"},
﻿{"temperature": "46", "humidity": "72%", "high_temp": "50", "low_temp": "42", "title": "Paris", "wind": "16 mph", "weather": "Breezy", "sun_rise": "6:59 AM", "sun_set": "7:00 PM"},
﻿{"temperature": "50", "humidity": "42%", "high_temp": "63", "low_temp": "32", "title": "Seoul", "wind": "2 mph", "weather": "Sunny", "sun_rise": "6:40 AM", "sun_set": "6:41 PM"},
﻿{"temperature": "37", "humidity": "67%", "high_temp": "37", "low_temp": "28", "title": "New York", "wind": "4 mph", "weather": "Scattered Showers", "sun_rise": "7:07 AM", "sun_set": "7:04 PM"}
][
﻿{"temperature": "37", "humidity": "67%", "high_temp": "37", "low_temp": "28", "title": "New York", "wind": "4 mph", "weather": "Mostly Cloudy", "sun_rise": "7:07 AM", "sun_set": "7:04 PM"},
﻿{"temperature": "55", "humidity": "43%", "high_temp": "61", "low_temp": "46", "title": "Tokyo", "wind": "15 mph", "weather": "Sunny", "sun_rise": "5:49 AM", "sun_set": "5:51 PM"},
﻿{"temperature": "46", "humidity": "72%", "high_temp": "50", "low_temp": "42", "title": "Paris", "wind": "16 mph", "weather": "Breezy", "sun_rise": "6:59 AM", "sun_set": "7:00 PM"},
﻿{"temperature": "57", "humidity": "43%", "high_temp": "61", "low_temp": "44", "title": "Los Angeles", "wind": "7 mph", "weather": "Sunny", "sun_rise": "7:02 AM", "sun_set": "7:02 PM"},
﻿{"temperature": "50", "humidity": "42%", "high_temp": "63", "low_temp": "32", "title": "Seoul", "wind": "2 mph", "weather": "Sunny", "sun_rise": "6:40 AM", "sun_set": "6:41 PM"}
][
﻿{"temperature": "56", "humidity": "43%", "high_temp": "61", "low_temp": "44", "title": "Los Angeles", "wind": "7 mph", "weather": "Sunny", "sun_rise": "7:02 AM", "sun_set": "7:02 PM"},
﻿{"temperature": "45", "humidity": "72%", "high_temp": "50", "low_temp": "42", "title": "Paris", "wind": "16 mph", "weather": "Breezy", "sun_rise": "6:59 AM", "sun_set": "7:00 PM"},
﻿{"temperature": "37", "humidity": "67%", "high_temp": "37", "low_temp": "28", "title": "New York", "wind": "4 mph", "weather": "Mostly Cloudy", "sun_rise": "7:07 AM", "sun_set": "7:04 PM"},
﻿{"temperature": "56", "humidity": "43%", "high_temp": "61", "low_temp": "46", "title": "Tokyo", "wind": "15 mph", "weather": "Sunny", "sun_rise": "5:49 AM", "sun_set": "5:51 PM"},
﻿{"temperature": "51", "humidity": "42%", "high_temp": "63", "low_temp": "32", "title": "Seoul", "wind": "2 mph", "weather": "Sunny", "sun_rise": "6:40 AM", "sun_set": "6:41 PM"}
][
﻿{"temperature": "37", "humidity": "67%", "high_temp": "37", "low_temp": "28", "title": "New York", "wind": "4 mph", "weather": "Mostly Cloudy", "sun_rise": "7:07 AM", "sun_set": "7:04 PM"},
﻿{"temperature": "45", "humidity": "72%", "high_temp": "50", "low_temp": "42", "title": "Paris", "wind": "16 mph", "weather": "Breezy", "sun_rise": "6:59 AM", "sun_set": "7:00 PM"},
﻿{"temperature": "56", "humidity": "43%", "high_temp": "61", "low_temp": "44", "title": "Los Angeles", "wind": "7 mph", "weather": "Sunny", "sun_rise": "7:02 AM", "sun_set": "7:02 PM"},
﻿{"temperature": "51", "humidity": "42%", "high_temp": "63", "low_temp": "32", "title": "Seoul", "wind": "2 mph", "weather": "Sunny", "sun_rise": "6:40 AM", "sun_set": "6:41 PM"},
﻿{"temperature": "56", "humidity": "43%", "high_temp": "61", "low_temp": "46", "title": "Tokyo", "wind": "15 mph", "weather": "Sunny", "sun_rise": "5:49 AM", "sun_set": "5:51 PM"}
][
﻿{"temperature": "56", "humidity": "43%", "high_temp": "61", "low_temp": "46", "title": "Tokyo", "wind": "15 mph", "weather": "Sunny", "sun_rise": "5:49 AM", "sun_set": "5:51 PM"},
﻿{"temperature": "50", "humidity": "42%", "high_temp": "63", "low_temp": "32", "title": "Seoul", "wind": "2 mph", "weather": "Sunny", "sun_rise": "6:40 AM", "sun_set": "6:41 PM"},
﻿{"temperature": "37", "humidity": "67%", "high_temp": "37", "low_temp": "28", "title": "New York", "wind": "4 mph", "weather": "Mostly Cloudy", "sun_rise": "7:07 AM", "sun_set": "7:04 PM"},
﻿{"temperature": "44", "humidity": "72%", "high_temp": "50", "low_temp": "42", "title": "Paris", "wind": "16 mph", "weather": "Breezy", "sun_rise": "6:59 AM", "sun_set": "7:00 PM"},
﻿{"temperature": "57", "humidity": "43%", "high_temp": "61", "low_temp": "44", "title": "Los Angeles", "wind": "7 mph", "weather": "Sunny", "sun_rise": "7:02 AM", "sun_set": "7:02 PM"}
][
﻿{"temperature": "37", "humidity": "73%", "high_temp": "37", "low_temp": "28", "title": "New York", "wind": "4 mph", "weather": "Mostly Cloudy", "sun_rise": "7:07 AM", "sun_set": "7:04 PM"},
﻿{"temperature": "57", "humidity": "39%", "high_temp": "61", "low_temp": "46", "title": "Tokyo", "wind": "14 mph", "weather": "Sunny", "sun_rise": "5:49 AM", "sun_set": "5:51 PM"},
﻿{"temperature": "51", "humidity": "38%", "high_temp": "63", "low_temp": "32", "title": "Seoul", "wind": "2 mph", "weather": "Sunny", "sun_rise": "6:40 AM", "sun_set": "6:41 PM"},
﻿{"temperature": "56", "humidity": "46%", "high_temp": "61", "low_temp": "44", "title": "Los Angeles", "wind": "9 mph", "weather": "Sunny", "sun_rise": "7:02 AM", "sun_set": "7:02 PM"},
﻿{"temperature": "44", "humidity": "77%", "high_temp": "50", "low_temp": "42", "title": "Paris", "wind": "15 mph", "weather": "Breezy", "sun_rise": "6:59 AM", "sun_set": "7:00 PM"}
][
﻿{"temperature": "51", "humidity": "38%", "high_temp": "63", "low_temp": "32", "title": "Seoul", "wind": "2 mph", "weather": "Sunny", "sun_rise": "6:40 AM", "sun_set": "6:41 PM"},
﻿{"temperature": "37", "humidity": "73%", "high_temp": "37", "low_temp": "28", "title": "New York", "wind": "4 mph", "weather": "Mostly Cloudy", "sun_rise": "7:07 AM", "sun_set": "7:04 PM"},
﻿{"temperature": "57", "humidity": "39%", "high_temp": "61", "low_temp": "46", "title": "Tokyo", "wind": "14 mph", "weather": "Sunny", "sun_rise": "5:49 AM", "sun_set": "5:51 PM"},
﻿{"temperature": "56", "humidity": "46%", "high_temp": "61", "low_temp": "44", "title": "Los Angeles", "wind": "9 mph", "weather": "Sunny", "sun_rise": "7:02 AM", "sun_set": "7:02 PM"},
﻿{"temperature": "44", "humidity": "77%", "high_temp": "50", "low_temp": "42", "title": "Paris", "wind": "15 mph", "weather": "Breezy", "sun_rise": "6:59 AM", "sun_set": "7:00 PM"}
][
﻿{"temperature": "44", "humidity": "77%", "high_temp": "50", "low_temp": "42", "title": "Paris", "wind": "15 mph", "weather": "Breezy", "sun_rise": "6:59 AM", "sun_set": "7:00 PM"},
﻿{"temperature": "56", "humidity": "46%", "high_temp": "61", "low_temp": "44", "title": "Los Angeles", "wind": "9 mph", "weather": "Sunny", "sun_rise": "7:02 AM", "sun_set": "7:02 PM"},
﻿{"temperature": "57", "humidity": "39%", "high_temp": "61", "low_temp": "46", "title": "Tokyo", "wind": "14 mph", "weather": "Sunny", "sun_rise": "5:49 AM", "sun_set": "5:51 PM"},
﻿{"temperature": "37", "humidity": "73%", "high_temp": "37", "low_temp": "28", "title": "New York", "wind": "4 mph", "weather": "Mostly Cloudy", "sun_rise": "7:07 AM", "sun_set": "7:04 PM"},
﻿{"temperature": "51", "humidity": "38%", "high_temp": "63", "low_temp": "32", "title": "Seoul", "wind": "2 mph", "weather": "Sunny", "sun_rise": "6:40 AM", "sun_set": "6:41 PM"}
][
﻿{"temperature": "37", "humidity": "73%", "high_temp": "37", "low_temp": "28", "title": "New York", "wind": "4 mph", "weather": "Cloudy", "sun_rise": "7:07 AM", "sun_set": "7:04 PM"},
﻿{"temperature": "57", "humidity": "39%", "high_temp": "61", "low_temp": "46", "title": "Tokyo", "wind": "14 mph", "weather": "Sunny", "sun_rise": "5:49 AM", "sun_set": "5:51 PM"},
﻿{"temperature": "44", "humidity": "77%", "high_temp": "50", "low_temp": "42", "title": "Paris", "wind": "15 mph", "weather": "Breezy", "sun_rise": "6:59 AM", "sun_set": "7:00 PM"},
﻿{"temperature": "52", "humidity": "38%", "high_temp": "63", "low_temp": "32", "title": "Seoul", "wind": "2 mph", "weather": "Sunny", "sun_rise": "6:40 AM", "sun_set": "6:41 PM"},
﻿{"temperature": "56", "humidity": "46%", "high_temp": "61", "low_temp": "44", "title": "Los Angeles", "wind": "9 mph", "weather": "Sunny", "sun_rise": "7:02 AM", "sun_set": "7:02 PM"}
][
﻿{"temperature": "52", "humidity": "38%", "high_temp": "63", "low_temp": "32", "title": "Seoul", "wind": "2 mph", "weather": "Sunny", "sun_rise": "6:40 AM", "sun_set": "6:41 PM"},
﻿{"temperature": "57", "humidity": "39%", "high_temp": "61", "low_temp": "46", "title": "Tokyo", "wind": "14 mph", "weather": "Sunny", "sun_rise": "5:49 AM", "sun_set": "5:51 PM"},
﻿{"temperature": "37", "humidity": "73%", "high_temp": "37", "low_temp": "28", "title": "New York", "wind": "4 mph", "weather": "Cloudy", "sun_rise": "7:07 AM", "sun_set": "7:04 PM"},
﻿{"temperature": "56", "humidity": "46%", "high_temp": "61", "low_temp": "44", "title": "Los Angeles", "wind": "9 mph", "weather": "Sunny", "sun_rise": "7:02 AM", "sun_set": "7:02 PM"},
﻿{"temperature": "44", "humidity": "77%", "high_temp": "50", "low_temp": "42", "title": "Paris", "wind": "15 mph", "weather": "Breezy", "sun_rise": "6:59 AM", "sun_set": "7:00 PM"}
][
﻿{"temperature": "37", "humidity": "73%", "high_temp": "37", "low_temp": "28", "title": "New York", "wind": "4 mph", "weather": "Cloudy", "sun_rise": "7:07 AM", "sun_set": "7:04 PM"},
﻿{"temperature": "44", "humidity": "77%", "high_temp": "50", "low_temp": "42", "title": "Paris", "wind": "15 mph", "weather": "Breezy", "sun_rise": "6:59 AM", "sun_set": "7:00 PM"},
﻿{"temperature": "57", "humidity": "39%", "high_temp": "61", "low_temp": "46", "title": "Tokyo", "wind": "14 mph", "weather": "Sunny", "sun_rise": "5:49 AM", "sun_set": "5:51 PM"},
﻿{"temperature": "56", "humidity": "46%", "high_temp": "61", "low_temp": "44", "title": "Los Angeles", "wind": "9 mph", "weather": "Sunny", "sun_rise": "7:02 AM", "sun_set": "7:02 PM"},
﻿{"temperature": "52", "humidity": "38%", "high_temp": "63", "low_temp": "32", "title": "Seoul", "wind": "2 mph", "weather": "Sunny", "sun_rise": "6:40 AM", "sun_set": "6:41 PM"}
][
﻿{"temperature": "58", "humidity": "39%", "high_temp": "61", "low_temp": "46", "title": "Tokyo", "wind": "14 mph", "weather": "Sunny", "sun_rise": "5:49 AM", "sun_set": "5:51 PM"},
﻿{"temperature": "44", "humidity": "77%", "high_temp": "50", "low_temp": "42", "title": "Paris", "wind": "15 mph", "weather": "Breezy", "sun_rise": "6:59 AM", "sun_set": "7:00 PM"},
﻿{"temperature": "37", "humidity": "73%", "high_temp": "37", "low_temp": "28", "title": "New York", "wind": "4 mph", "weather": "Cloudy", "sun_rise": "7:07 AM", "sun_set": "7:04 PM"},
﻿{"temperature": "55", "humidity": "46%", "high_temp": "61", "low_temp": "44", "title": "Los Angeles", "wind": "9 mph", "weather": "Clear", "sun_rise": "7:02 AM", "sun_set": "7:02 PM"},
﻿{"temperature": "53", "humidity": "38%", "high_temp": "63", "low_temp": "32", "title": "Seoul", "wind": "2 mph", "weather": "Sunny", "sun_rise": "6:40 AM", "sun_set": "6:41 PM"}
][
﻿{"temper": "37", "humid": "73%", "high_temp": "37", "low_temp": "28", "title": "New York", "wind": "4 mph", "weather": "Cloudy"},
﻿{"temper": "44", "humid": "77%", "high_temp": "50", "low_temp": "42", "title": "Paris", "wind": "15 mph", "weather": "Breezy"},
﻿{"temper": "54", "humid": "38%", "high_temp": "63", "low_temp": "32", "title": "Seoul", "wind": "2 mph", "weather": "Sunny"},
﻿{"temper": "58", "humid": "39%", "high_temp": "61", "low_temp": "46", "title": "Tokyo", "wind": "14 mph", "weather": "Sunny"},
﻿{"temper": "55", "humid": "46%", "high_temp": "61", "low_temp": "44", "title": "Los Angeles", "wind": "9 mph", "weather": "Clear"}
][
,
,
,
,
[
,
,
,
,
[
,
,
,
,
[
,
,
,
,
[
,
,
,
,
[
,
,
,
,
[
,
,
,
,
[
,
,
,
,
[
,
,
,
,
[
,
,
,
,
[
,
,
,
,
[
,
,
,
,
[
,
,
,
,
[
,
,
,
,
[
,
,
,
,
[
,
,
,
,
[
,
,
,
,
[
,
,
,
,
[
,
,
,
,
[
,
,
,
,
[
,
,
,
,
